origem,alvo,h,modelo,y_true,media,q10,q20,q30,q40,q50,q60,q70,q80,q90
2017-02-01,2017-03-01,1,ardl_logdiff,0.004008,0.011699,-0.001843,0.002771,0.006130,0.010246,0.013225,0.016138,0.018708,0.019750,0.022503
2017-02-01,2017-03-01,1,ar1_logdiff,0.004008,0.012641,-0.002318,0.000886,0.006259,0.008247,0.012807,0.018336,0.020581,0.023450,0.026404
2017-02-01,2017-04-01,2,ardl_logdiff,0.003008,0.018698,-0.013997,-0.002856,0.005252,0.015189,0.022381,0.029414,0.035618,0.038133,0.044781
2017-02-01,2017-04-01,2,ar1_logdiff,0.003008,0.008732,-0.021344,-0.014902,-0.004099,-0.000103,0.009065,0.020182,0.024694,0.030463,0.036401
2017-03-01,2017-04-01,1,ardl_logdiff,0.003008,0.011208,-0.002100,0.003376,0.005377,0.010015,0.011797,0.016051,0.018755,0.019290,0.021684
2017-03-01,2017-04-01,1,ar1_logdiff,0.003008,0.001354,-0.013269,-0.009967,-0.005424,-0.002815,0.000848,0.006940,0.009141,0.011987,0.015316
2017-03-01,2017-05-01,2,ardl_logdiff,0.003992,0.002336,-0.029793,-0.016573,-0.011742,-0.000545,0.003758,0.014028,0.020556,0.021847,0.027627
2017-03-01,2017-05-01,2,ar1_logdiff,0.003992,-0.007349,-0.036796,-0.030146,-0.020998,-0.015743,-0.008367,0.003902,0.008333,0.014065,0.020769
2017-04-01,2017-05-01,1,ardl_logdiff,0.003992,-0.005637,-0.018960,-0.013528,-0.012154,-0.008263,-0.004914,-0.000608,0.001820,0.002773,0.005040
2017-04-01,2017-05-01,1,ar1_logdiff,0.003992,-0.005937,-0.020481,-0.016849,-0.012307,-0.010106,-0.005877,-0.000825,0.001461,0.004429,0.007752
2017-04-01,2017-06-01,2,ardl_logdiff,0.027015,0.002032,-0.030131,-0.017018,-0.013700,-0.004307,0.003778,0.014174,0.020035,0.022337,0.027809
2017-04-01,2017-06-01,2,ar1_logdiff,0.027015,0.003894,-0.025403,-0.018085,-0.008936,-0.004503,0.004015,0.014191,0.018796,0.024775,0.031469
2017-05-01,2017-06-01,1,ardl_logdiff,0.027015,0.011460,-0.002229,0.003408,0.004967,0.009765,0.012109,0.016916,0.018992,0.020049,0.021827
2017-05-01,2017-06-01,1,ar1_logdiff,0.027015,0.012442,-0.002218,0.001855,0.006008,0.008037,0.012944,0.017952,0.020596,0.022457,0.025418
2017-05-01,2017-07-01,2,ardl_logdiff,0.021913,0.003099,-0.029948,-0.016340,-0.012576,-0.000994,0.004665,0.016272,0.021282,0.023835,0.028128
2017-05-01,2017-07-01,2,ar1_logdiff,0.021913,0.001467,-0.028049,-0.019849,-0.011487,-0.007402,0.002478,0.012561,0.017885,0.021632,0.027593
2017-06-01,2017-07-01,1,ardl_logdiff,0.021913,0.018957,0.005139,0.010592,0.012188,0.017007,0.019682,0.024330,0.026108,0.027640,0.030283
2017-06-01,2017-07-01,1,ar1_logdiff,0.021913,0.014301,-0.000525,0.004201,0.007727,0.009550,0.014742,0.019696,0.022825,0.024902,0.028373
2017-06-01,2017-08-01,2,ardl_logdiff,0.040206,0.048713,0.015352,0.028517,0.032371,0.044006,0.050462,0.061684,0.065977,0.069674,0.076056
2017-06-01,2017-08-01,2,ar1_logdiff,0.040206,0.029018,-0.000782,0.008718,0.015803,0.019468,0.029904,0.039863,0.046151,0.050325,0.057303
2017-07-01,2017-08-01,1,ardl_logdiff,0.040206,0.051912,0.038182,0.043666,0.045573,0.049977,0.053678,0.056708,0.058813,0.060498,0.063086
2017-07-01,2017-08-01,1,ar1_logdiff,0.040206,0.035828,0.021018,0.026313,0.029514,0.031078,0.036139,0.041515,0.043967,0.046225,0.049510
2017-07-01,2017-09-01,2,ardl_logdiff,0.033935,0.034065,0.000918,0.014157,0.018759,0.029392,0.038326,0.045643,0.050725,0.054792,0.061041
2017-07-01,2017-09-01,2,ar1_logdiff,0.033935,0.022043,-0.007694,0.002939,0.009366,0.012507,0.022667,0.033462,0.038384,0.042918,0.049514
2017-08-01,2017-09-01,1,ardl_logdiff,0.033935,0.022636,0.009406,0.013347,0.016216,0.020118,0.024073,0.028029,0.029754,0.031651,0.034231
2017-08-01,2017-09-01,1,ar1_logdiff,0.033935,0.025990,0.011187,0.016332,0.019691,0.021419,0.026680,0.031435,0.033725,0.036132,0.039378
2017-08-01,2017-10-01,2,ardl_logdiff,0.056987,0.031627,-0.000314,0.009203,0.016128,0.025549,0.035098,0.044647,0.048811,0.053392,0.059620
2017-08-01,2017-10-01,2,ar1_logdiff,0.056987,0.035751,0.006036,0.016364,0.023106,0.026575,0.037137,0.046682,0.051278,0.056110,0.062626
2017-09-01,2017-10-01,1,ardl_logdiff,0.056987,0.043081,0.029938,0.033986,0.036839,0.039897,0.045375,0.047854,0.049936,0.052080,0.054711
2017-09-01,2017-10-01,1,ar1_logdiff,0.056987,0.042949,0.028070,0.033071,0.036543,0.038455,0.044019,0.048516,0.050724,0.052745,0.055980
2017-09-01,2017-11-01,2,ardl_logdiff,0.051650,0.033914,0.002186,0.011957,0.018845,0.026229,0.039453,0.045437,0.050464,0.055640,0.061993
2017-09-01,2017-11-01,2,ar1_logdiff,0.051650,0.030420,0.000561,0.010597,0.017565,0.021402,0.032567,0.041592,0.046023,0.050078,0.056572
2017-10-01,2017-11-01,1,ardl_logdiff,0.051650,0.048110,0.034825,0.038597,0.041749,0.044578,0.050688,0.052710,0.054914,0.057030,0.059823
2017-10-01,2017-11-01,1,ar1_logdiff,0.051650,0.043353,0.028291,0.033015,0.036545,0.039465,0.045643,0.048781,0.050888,0.053005,0.056348
2017-10-01,2017-12-01,2,ardl_logdiff,0.062216,0.032967,0.000893,0.010001,0.017610,0.024439,0.039190,0.044072,0.049393,0.054501,0.061245
2017-10-01,2017-12-01,2,ar1_logdiff,0.062216,0.024179,-0.006020,0.003451,0.010530,0.016385,0.028772,0.035063,0.039286,0.043533,0.050235
2017-11-01,2017-12-01,1,ardl_logdiff,0.062216,0.036703,0.023419,0.026960,0.030341,0.033385,0.039435,0.040821,0.043175,0.045554,0.048343
2017-11-01,2017-12-01,1,ar1_logdiff,0.062216,0.031945,0.016823,0.021324,0.025156,0.029554,0.035313,0.037391,0.039704,0.041242,0.044488
2017-11-01,2018-01-01,2,ardl_logdiff,0.031344,0.028108,-0.003961,0.004587,0.012749,0.020097,0.034703,0.038051,0.043734,0.049477,0.056210
2017-11-01,2018-01-01,2,ar1_logdiff,0.031344,0.021043,-0.009254,-0.000237,0.007442,0.016252,0.027790,0.031953,0.036588,0.039668,0.046172
2017-12-01,2018-01-01,1,ardl_logdiff,0.031344,0.055711,0.042591,0.045173,0.049312,0.052542,0.057020,0.059496,0.061623,0.064527,0.068070
2017-12-01,2018-01-01,1,ar1_logdiff,0.031344,0.050414,0.034711,0.038973,0.043117,0.048794,0.053071,0.055772,0.057417,0.060183,0.062489
2017-12-01,2018-02-01,2,ardl_logdiff,0.013699,0.049250,0.017575,0.023809,0.033803,0.041600,0.052410,0.058388,0.063524,0.070534,0.079088
2017-12-01,2018-02-01,2,ar1_logdiff,0.013699,0.038253,0.006825,0.015354,0.023648,0.035010,0.043570,0.048975,0.052266,0.057801,0.062418
2018-01-01,2018-02-01,1,ardl_logdiff,0.013699,0.024896,0.010755,0.015527,0.017856,0.021266,0.026952,0.029810,0.031723,0.032797,0.038479
2018-01-01,2018-02-01,1,ar1_logdiff,0.013699,0.021353,0.005227,0.010699,0.014274,0.017524,0.024636,0.026470,0.029054,0.030939,0.034533
2018-01-01,2018-03-01,2,ardl_logdiff,0.044017,0.029776,-0.004364,0.007158,0.012779,0.021013,0.034738,0.041639,0.046258,0.048851,0.062569
2018-01-01,2018-03-01,2,ar1_logdiff,0.044017,0.033223,0.000840,0.011828,0.019008,0.025534,0.039817,0.043499,0.048688,0.052474,0.059693
2018-02-01,2018-03-01,1,ardl_logdiff,0.044017,0.019739,0.005671,0.010220,0.012478,0.016335,0.022413,0.024483,0.026610,0.028502,0.032368
2018-02-01,2018-03-01,1,ar1_logdiff,0.044017,0.026287,0.010258,0.015663,0.019214,0.021168,0.028226,0.031376,0.034189,0.035783,0.039295
2018-02-01,2018-04-01,2,ardl_logdiff,0.048838,0.014334,-0.019629,-0.008647,-0.003196,0.006117,0.020791,0.025789,0.030923,0.035491,0.044823
2018-02-01,2018-04-01,2,ar1_logdiff,0.048838,0.024401,-0.007751,0.003091,0.010212,0.014133,0.028289,0.034608,0.040250,0.043448,0.050492
2018-03-01,2018-04-01,1,ardl_logdiff,0.048838,0.038181,0.023261,0.028272,0.031033,0.034419,0.040083,0.043560,0.044655,0.047180,0.051825
2018-03-01,2018-04-01,1,ar1_logdiff,0.048838,0.040366,0.024118,0.029518,0.032896,0.035694,0.043407,0.045276,0.047983,0.050075,0.053532
2018-03-01,2018-05-01,2,ardl_logdiff,-0.071201,0.036594,0.000573,0.012672,0.019336,0.027511,0.041185,0.049579,0.052222,0.058318,0.069533
2018-03-01,2018-05-01,2,ar1_logdiff,-0.071201,0.033124,0.000513,0.011352,0.018132,0.023747,0.039229,0.042980,0.048413,0.052612,0.059550
2018-04-01,2018-05-01,1,ardl_logdiff,-0.071201,0.046803,0.031647,0.036964,0.039521,0.042803,0.048868,0.052095,0.053712,0.056067,0.060017
2018-04-01,2018-05-01,1,ar1_logdiff,-0.071201,0.040871,0.024564,0.029726,0.033358,0.037710,0.043864,0.045857,0.048366,0.050332,0.053677
2018-04-01,2018-06-01,2,ardl_logdiff,0.035874,0.035658,-0.000931,0.011906,0.018079,0.026003,0.040646,0.048436,0.052340,0.058025,0.067560
2018-04-01,2018-06-01,2,ar1_logdiff,0.035874,0.029654,-0.003041,0.007308,0.014592,0.023318,0.035656,0.039653,0.044682,0.048625,0.055331
2018-05-01,2018-06-01,1,ardl_logdiff,0.035874,-0.065929,-0.081573,-0.074990,-0.070921,-0.067483,-0.063637,-0.058605,-0.055529,-0.053437,-0.049367
2018-05-01,2018-06-01,1,ar1_logdiff,0.035874,-0.063655,-0.078071,-0.073539,-0.069587,-0.067155,-0.059313,-0.056295,-0.054229,-0.051935,-0.047666
2018-05-01,2018-07-01,2,ardl_logdiff,0.031040,-0.063537,-0.101305,-0.085412,-0.075589,-0.067289,-0.058004,-0.045855,-0.038430,-0.033380,-0.023554
2018-05-01,2018-07-01,2,ar1_logdiff,0.031040,-0.073680,-0.102760,-0.093617,-0.085645,-0.080739,-0.064919,-0.058833,-0.054664,-0.050037,-0.041425
2018-06-01,2018-07-01,1,ardl_logdiff,0.031040,-0.042327,-0.061485,-0.054609,-0.048679,-0.045068,-0.041577,-0.037130,-0.032473,-0.027295,-0.019207
2018-06-01,2018-07-01,1,ar1_logdiff,0.031040,-0.055850,-0.074679,-0.067949,-0.062030,-0.058450,-0.053708,-0.051375,-0.046414,-0.040867,-0.034758
2018-06-01,2018-08-01,2,ardl_logdiff,0.022407,-0.006371,-0.052623,-0.036022,-0.021707,-0.012989,-0.004560,0.006175,0.017420,0.029920,0.049446
2018-06-01,2018-08-01,2,ar1_logdiff,0.022407,0.003927,-0.038179,-0.023131,-0.009894,-0.001888,0.008717,0.013934,0.025026,0.037430,0.051091
2018-07-01,2018-08-01,1,ardl_logdiff,0.022407,-0.023145,-0.044398,-0.036646,-0.030281,-0.026730,-0.021725,-0.016912,-0.012457,-0.007092,-0.000775
2018-07-01,2018-08-01,1,ar1_logdiff,0.022407,0.029095,0.011193,0.018006,0.021342,0.024604,0.029485,0.034634,0.036234,0.043097,0.046198
2018-07-01,2018-09-01,2,ardl_logdiff,-0.010854,0.001214,-0.050094,-0.031380,-0.016013,-0.007439,0.004644,0.016262,0.027017,0.039971,0.055220
2018-07-01,2018-09-01,2,ar1_logdiff,-0.010854,0.022823,-0.014566,-0.000337,0.006631,0.013444,0.023638,0.034392,0.037733,0.052066,0.058544
2018-08-01,2018-09-01,1,ardl_logdiff,-0.010854,0.018620,-0.001692,0.005751,0.010875,0.013853,0.017460,0.023841,0.028764,0.033173,0.040561
2018-08-01,2018-09-01,1,ar1_logdiff,-0.010854,0.018887,0.001180,0.008415,0.011480,0.014315,0.018831,0.024458,0.026127,0.032887,0.036037
2018-08-01,2018-10-01,2,ardl_logdiff,-0.005848,0.009165,-0.039871,-0.021904,-0.009532,-0.002343,0.006366,0.021769,0.033655,0.044300,0.062136
2018-08-01,2018-10-01,2,ar1_logdiff,-0.005848,0.005644,-0.031336,-0.016227,-0.009825,-0.003904,0.005528,0.017280,0.020765,0.034885,0.041463
2018-09-01,2018-10-01,1,ardl_logdiff,-0.005848,-0.004719,-0.025239,-0.017732,-0.011722,-0.009278,-0.005251,0.001040,0.006106,0.009918,0.017268
2018-09-01,2018-10-01,1,ar1_logdiff,-0.005848,-0.011997,-0.029374,-0.023893,-0.019388,-0.016472,-0.011994,-0.005945,-0.004307,0.002336,0.005510
2018-09-01,2018-11-01,2,ardl_logdiff,-0.010706,-0.015792,-0.065331,-0.047208,-0.032697,-0.026797,-0.017076,-0.001889,0.010342,0.019545,0.037290
2018-09-01,2018-11-01,2,ar1_logdiff,-0.010706,-0.023365,-0.059620,-0.048184,-0.038784,-0.032700,-0.023359,-0.010739,-0.007321,0.006539,0.013162
2018-10-01,2018-11-01,1,ardl_logdiff,-0.010706,-0.016323,-0.036778,-0.029098,-0.023183,-0.020772,-0.017051,-0.010652,-0.005732,-0.002107,0.005596
2018-10-01,2018-11-01,1,ar1_logdiff,-0.010706,-0.019797,-0.037291,-0.031324,-0.027088,-0.024009,-0.019415,-0.013881,-0.012342,-0.005625,-0.002376
2018-10-01,2018-12-01,2,ardl_logdiff,-0.039409,-0.048409,-0.097790,-0.079250,-0.064970,-0.059150,-0.050165,-0.034718,-0.022840,-0.014088,0.004508
2018-10-01,2018-12-01,2,ar1_logdiff,-0.039409,-0.045952,-0.082481,-0.070021,-0.061175,-0.054747,-0.045154,-0.033597,-0.030384,-0.016357,-0.009573
2018-11-01,2018-12-01,1,ardl_logdiff,-0.039409,-0.045703,-0.066233,-0.058306,-0.052632,-0.050190,-0.046350,-0.040204,-0.035618,-0.031971,-0.023701
2018-11-01,2018-12-01,1,ar1_logdiff,-0.039409,-0.040596,-0.058232,-0.051815,-0.047853,-0.044869,-0.039839,-0.034649,-0.033087,-0.027130,-0.023481
2018-11-01,2019-01-01,2,ardl_logdiff,-0.021443,-0.022630,-0.072195,-0.053056,-0.039358,-0.033463,-0.024192,-0.009355,0.001717,0.010522,0.030487
2018-11-01,2019-01-01,2,ar1_logdiff,-0.021443,-0.019940,-0.056739,-0.043348,-0.035082,-0.028857,-0.018362,-0.007532,-0.004274,0.008155,0.015769
2018-12-01,2019-01-01,1,ardl_logdiff,-0.021443,-0.019540,-0.040111,-0.032164,-0.026489,-0.023910,-0.020237,-0.014060,-0.009922,-0.006140,0.002121
2018-12-01,2019-01-01,1,ar1_logdiff,-0.021443,-0.019237,-0.036890,-0.029968,-0.026297,-0.023403,-0.018287,-0.013358,-0.011800,-0.006262,-0.002208
2018-12-01,2019-02-01,2,ardl_logdiff,-0.010748,-0.016344,-0.066007,-0.046821,-0.033119,-0.026893,-0.018026,-0.003113,0.006876,0.016008,0.035952
2018-12-01,2019-02-01,2,ar1_logdiff,-0.010748,-0.013883,-0.050714,-0.036272,-0.028613,-0.022575,-0.011899,-0.001615,0.001635,0.013189,0.021647
2019-01-01,2019-02-01,1,ardl_logdiff,-0.010748,-0.017277,-0.037794,-0.029838,-0.024053,-0.021404,-0.018004,-0.011832,-0.007926,-0.004030,0.004386
2019-01-01,2019-02-01,1,ar1_logdiff,-0.010748,-0.015189,-0.032800,-0.025374,-0.021961,-0.019190,-0.014416,-0.009344,-0.007822,-0.002646,0.001813
2019-01-01,2019-03-01,2,ardl_logdiff,-0.032088,-0.032942,-0.082475,-0.063267,-0.049301,-0.042904,-0.034695,-0.019796,-0.010366,-0.000959,0.019358
2019-01-01,2019-03-01,2,ar1_logdiff,-0.032088,-0.033563,-0.070308,-0.054813,-0.047692,-0.041911,-0.031949,-0.021368,-0.018192,-0.007392,0.001911
2019-02-01,2019-03-01,1,ardl_logdiff,-0.032088,-0.029818,-0.050396,-0.042413,-0.036684,-0.033778,-0.030615,-0.024421,-0.020755,-0.016785,-0.008183
2019-02-01,2019-03-01,1,ar1_logdiff,-0.032088,-0.030936,-0.048618,-0.040686,-0.037530,-0.034884,-0.030020,-0.025265,-0.023753,-0.018931,-0.014068
2019-02-01,2019-04-01,2,ardl_logdiff,-0.029016,-0.035479,-0.085158,-0.065886,-0.052055,-0.045038,-0.037401,-0.022448,-0.013598,-0.004014,0.016753
2019-02-01,2019-04-01,2,ar1_logdiff,-0.029016,-0.036238,-0.073133,-0.056583,-0.049997,-0.044477,-0.034328,-0.024405,-0.021250,-0.011190,-0.001043
2019-03-01,2019-04-01,1,ardl_logdiff,-0.029016,-0.036609,-0.057132,-0.049123,-0.043303,-0.040399,-0.037415,-0.031243,-0.027671,-0.023698,-0.014943
2019-03-01,2019-04-01,1,ar1_logdiff,-0.029016,-0.036919,-0.054579,-0.046143,-0.043245,-0.040726,-0.036198,-0.031324,-0.029828,-0.025363,-0.020096
2019-03-01,2019-05-01,2,ardl_logdiff,0.085049,0.076435,0.026888,0.046225,0.060276,0.067284,0.074490,0.089389,0.098013,0.107605,0.128742
2019-03-01,2019-05-01,2,ar1_logdiff,0.085049,0.075033,0.038183,0.055785,0.061833,0.067088,0.076538,0.086707,0.089830,0.099146,0.110137
2019-04-01,2019-05-01,1,ardl_logdiff,0.085049,0.080180,0.059542,0.067495,0.073622,0.076365,0.079248,0.085562,0.088886,0.092761,0.101596
2019-04-01,2019-05-01,1,ar1_logdiff,0.085049,0.079696,0.061972,0.070413,0.073348,0.075808,0.080506,0.085285,0.086915,0.090681,0.096299
2019-04-01,2019-06-01,2,ardl_logdiff,-0.040822,-0.038055,-0.087880,-0.068681,-0.053888,-0.047266,-0.040306,-0.025062,-0.017037,-0.007683,0.013648
2019-04-01,2019-06-01,2,ar1_logdiff,-0.040822,-0.037002,-0.073993,-0.056377,-0.050250,-0.045117,-0.035311,-0.025338,-0.021938,-0.014078,-0.002353
2019-05-01,2019-06-01,1,ardl_logdiff,-0.040822,-0.035661,-0.056053,-0.047738,-0.041974,-0.039021,-0.034785,-0.030428,-0.027426,-0.023324,-0.014823
2019-05-01,2019-06-01,1,ar1_logdiff,-0.040822,-0.033843,-0.051582,-0.043138,-0.040168,-0.037729,-0.032907,-0.028406,-0.026815,-0.023413,-0.017430
2019-05-01,2019-07-01,2,ardl_logdiff,-0.042933,-0.035448,-0.084678,-0.064604,-0.050689,-0.043559,-0.033333,-0.022814,-0.015567,-0.005664,0.014859
2019-05-01,2019-07-01,2,ar1_logdiff,-0.042933,-0.033063,-0.070074,-0.052457,-0.046259,-0.041170,-0.031111,-0.021719,-0.018399,-0.011302,0.001182
2019-06-01,2019-07-01,1,ardl_logdiff,-0.042933,-0.037955,-0.057971,-0.049271,-0.043921,-0.041837,-0.038879,-0.032718,-0.030025,-0.025643,-0.017435
2019-06-01,2019-07-01,1,ar1_logdiff,-0.042933,-0.037186,-0.054751,-0.046303,-0.043659,-0.041062,-0.036356,-0.031717,-0.030158,-0.027097,-0.020759
2019-06-01,2019-08-01,2,ardl_logdiff,-0.024380,-0.029343,-0.077667,-0.056664,-0.043747,-0.038715,-0.031573,-0.016700,-0.010198,0.000381,0.020197
2019-06-01,2019-08-01,2,ar1_logdiff,-0.024380,-0.032302,-0.068951,-0.051323,-0.045808,-0.040388,-0.030569,-0.020889,-0.017638,-0.011250,0.001974
2019-07-01,2019-08-01,1,ardl_logdiff,-0.024380,-0.031728,-0.051324,-0.042295,-0.037342,-0.035784,-0.032570,-0.026446,-0.024146,-0.019484,-0.011616
2019-07-01,2019-08-01,1,ar1_logdiff,-0.024380,-0.035699,-0.053109,-0.044662,-0.041967,-0.039639,-0.035001,-0.030193,-0.028683,-0.025988,-0.019274
2019-07-01,2019-09-01,2,ardl_logdiff,0.005935,-0.006573,-0.053882,-0.032084,-0.020128,-0.016366,-0.008606,0.006177,0.011730,0.022987,0.041981
2019-07-01,2019-09-01,2,ar1_logdiff,0.005935,-0.009284,-0.045603,-0.027981,-0.022361,-0.017503,-0.007829,0.002201,0.005352,0.010974,0.024979
2019-08-01,2019-09-01,1,ardl_logdiff,0.005935,-0.002964,-0.022307,-0.013021,-0.008626,-0.007013,-0.003655,0.002317,0.004256,0.009063,0.016667
2019-08-01,2019-09-01,1,ar1_logdiff,0.005935,-0.002598,-0.020116,-0.011661,-0.008932,-0.006583,-0.001852,0.002819,0.004492,0.008547,0.013556
2019-08-01,2019-10-01,2,ardl_logdiff,0.013592,-0.020655,-0.067352,-0.044934,-0.034323,-0.030429,-0.022322,-0.007904,-0.003224,0.008382,0.026738
2019-08-01,2019-10-01,2,ar1_logdiff,0.013592,-0.017502,-0.054050,-0.036409,-0.030717,-0.025815,-0.015946,-0.006200,-0.002708,0.005751,0.016202
2019-09-01,2019-10-01,1,ardl_logdiff,0.013592,-0.016289,-0.035398,-0.025873,-0.022046,-0.020386,-0.015585,-0.011055,-0.008411,-0.004522,0.002751
2019-09-01,2019-10-01,1,ar1_logdiff,0.013592,-0.012454,-0.030039,-0.021614,-0.018804,-0.016451,-0.011624,-0.006959,-0.005304,-0.001846,0.003513
2019-09-01,2019-11-01,2,ardl_logdiff,-0.009833,-0.015649,-0.061782,-0.038786,-0.029546,-0.025538,-0.013948,-0.003012,0.003370,0.012760,0.030318
2019-09-01,2019-11-01,2,ar1_logdiff,-0.009833,-0.013153,-0.049820,-0.032254,-0.026393,-0.021487,-0.011421,-0.001695,0.001756,0.008968,0.020142
2019-10-01,2019-11-01,1,ardl_logdiff,-0.009833,-0.000702,-0.019845,-0.010486,-0.006623,-0.004852,0.001184,0.004276,0.007369,0.011033,0.019285
2019-10-01,2019-11-01,1,ar1_logdiff,-0.009833,0.002352,-0.015559,-0.007144,-0.004268,-0.001897,0.004395,0.007625,0.009167,0.013085,0.018585
2019-10-01,2019-12-01,2,ardl_logdiff,-0.021805,-0.000878,-0.047092,-0.024497,-0.015171,-0.010895,0.003676,0.011142,0.018608,0.027454,0.047377
2019-10-01,2019-12-01,2,ar1_logdiff,-0.021805,0.006621,-0.030714,-0.013173,-0.007178,-0.002237,0.010878,0.017610,0.020824,0.028991,0.040454
2019-11-01,2019-12-01,1,ardl_logdiff,-0.021805,-0.005362,-0.024092,-0.014821,-0.011472,-0.009889,-0.004963,-0.000368,0.002712,0.006466,0.015086
2019-11-01,2019-12-01,1,ar1_logdiff,-0.021805,-0.000450,-0.018099,-0.009982,-0.007160,-0.004783,0.000178,0.004753,0.006533,0.010454,0.016010
2019-11-01,2020-01-01,2,ardl_logdiff,-0.002960,0.000234,-0.044985,-0.022603,-0.014517,-0.010696,0.001197,0.012291,0.019727,0.028789,0.049601
2019-11-01,2020-01-01,2,ar1_logdiff,-0.002960,-0.001714,-0.038555,-0.021613,-0.015721,-0.010760,-0.000402,0.009148,0.012863,0.021048,0.032645
2019-12-01,2020-01-01,1,ardl_logdiff,-0.002960,-0.007758,-0.025847,-0.018772,-0.013912,-0.012288,-0.008699,-0.002630,0.000171,0.003941,0.013139
2019-12-01,2020-01-01,1,ar1_logdiff,-0.002960,-0.014398,-0.032229,-0.024270,-0.021073,-0.018509,-0.013717,-0.008805,-0.007160,-0.003242,0.002146
2019-12-01,2020-02-01,2,ardl_logdiff,0.000982,-0.016034,-0.059703,-0.042624,-0.030891,-0.026969,-0.018306,-0.003652,0.003110,0.012211,0.034416
2019-12-01,2020-02-01,2,ar1_logdiff,0.000982,-0.021665,-0.058798,-0.042223,-0.035565,-0.030225,-0.020247,-0.010017,-0.006592,0.001567,0.012789
2020-01-01,2020-02-01,1,ardl_logdiff,0.000982,-0.013645,-0.031509,-0.024079,-0.019751,-0.018103,-0.013124,-0.008600,-0.006231,-0.002020,0.007240
2020-01-01,2020-02-01,1,ar1_logdiff,0.000982,-0.014866,-0.032867,-0.024430,-0.021566,-0.018962,-0.014104,-0.009283,-0.007728,-0.003773,0.001507
2020-01-01,2020-03-01,2,ardl_logdiff,-0.073804,-0.009890,-0.053017,-0.035079,-0.024630,-0.020652,-0.008630,0.002291,0.008011,0.018177,0.040533
2020-01-01,2020-03-01,2,ar1_logdiff,-0.073804,-0.008340,-0.045852,-0.028271,-0.022302,-0.016876,-0.006752,0.003293,0.006534,0.014776,0.025779
2020-02-01,2020-03-01,1,ardl_logdiff,-0.073804,-0.002642,-0.020439,-0.012668,-0.008791,-0.007334,-0.000855,0.002273,0.005592,0.008721,0.017886
2020-02-01,2020-03-01,1,ar1_logdiff,-0.073804,0.001162,-0.016972,-0.008546,-0.005640,-0.002938,0.003283,0.006525,0.008383,0.012197,0.017200
2020-02-01,2020-04-01,2,ardl_logdiff,-0.299859,-0.010911,-0.053877,-0.035117,-0.025758,-0.022240,-0.006598,0.000953,0.008967,0.016521,0.038648
2020-02-01,2020-04-01,2,ar1_logdiff,-0.299859,-0.006269,-0.044012,-0.026474,-0.020427,-0.014802,-0.001855,0.004893,0.008760,0.016698,0.027111
2020-03-01,2020-04-01,1,ardl_logdiff,-0.299859,-0.045514,-0.063188,-0.055336,-0.051615,-0.049589,-0.044620,-0.040654,-0.037717,-0.034155,-0.025353
2020-03-01,2020-04-01,1,ar1_logdiff,-0.299859,-0.050034,-0.067307,-0.060056,-0.056110,-0.053508,-0.048455,-0.043854,-0.041929,-0.038053,-0.032839
2020-03-01,2020-05-01,2,ardl_logdiff,-0.224864,-0.045956,-0.088625,-0.069669,-0.060685,-0.055795,-0.043800,-0.034224,-0.027135,-0.018534,0.002716
2020-03-01,2020-05-01,2,ar1_logdiff,-0.224864,-0.066164,-0.102233,-0.087092,-0.078853,-0.073420,-0.062868,-0.053260,-0.049240,-0.041147,-0.030259
2020-04-01,2020-05-01,1,ardl_logdiff,-0.224864,-0.169632,-0.187183,-0.179251,-0.175684,-0.173090,-0.169632,-0.164827,-0.162274,-0.158278,-0.149839
2020-04-01,2020-05-01,1,ar1_logdiff,-0.224864,-0.308112,-0.325077,-0.316029,-0.311722,-0.306996,-0.303263,-0.300310,-0.297960,-0.294179,-0.289084
2020-04-01,2020-06-01,2,ardl_logdiff,-0.118900,-0.171139,-0.213510,-0.194359,-0.185749,-0.179487,-0.171139,-0.159538,-0.153374,-0.143727,-0.123353
2020-04-01,2020-06-01,2,ar1_logdiff,-0.118900,-0.304367,-0.338299,-0.320201,-0.311586,-0.302134,-0.294668,-0.288761,-0.284061,-0.276498,-0.266309
2020-05-01,2020-06-01,1,ardl_logdiff,-0.118900,-0.157916,-0.181729,-0.172190,-0.165864,-0.162965,-0.156356,-0.152810,-0.146673,-0.140302,-0.130558
2020-05-01,2020-06-01,1,ar1_logdiff,-0.118900,-0.234574,-0.248988,-0.243760,-0.238096,-0.234149,-0.228248,-0.225986,-0.223193,-0.219436,-0.215565
2020-05-01,2020-07-01,2,ardl_logdiff,-0.027288,-0.253243,-0.310733,-0.287703,-0.272433,-0.265433,-0.249477,-0.240915,-0.226100,-0.210720,-0.187196
2020-05-01,2020-07-01,2,ar1_logdiff,-0.027288,-0.232068,-0.261136,-0.250593,-0.239171,-0.231212,-0.219311,-0.214750,-0.209118,-0.201540,-0.193735
2020-06-01,2020-07-01,1,ardl_logdiff,-0.027288,-0.255377,-0.281467,-0.272501,-0.265378,-0.259444,-0.257295,-0.252425,-0.246078,-0.238568,-0.224361
2020-06-01,2020-07-01,1,ar1_logdiff,-0.027288,-0.126442,-0.143548,-0.136395,-0.131990,-0.127464,-0.122130,-0.119858,-0.116969,-0.113782,-0.108651
2020-06-01,2020-08-01,2,ardl_logdiff,-0.005941,-0.278636,-0.341622,-0.319977,-0.302781,-0.288455,-0.283267,-0.271508,-0.256187,-0.238056,-0.203757
2020-06-01,2020-08-01,2,ar1_logdiff,-0.005941,-0.139327,-0.173604,-0.159272,-0.150444,-0.141374,-0.130687,-0.126134,-0.120344,-0.113958,-0.103675
2020-07-01,2020-08-01,1,ardl_logdiff,-0.005941,-0.103106,-0.124118,-0.117001,-0.108571,-0.104619,-0.103383,-0.097472,-0.094160,-0.090136,-0.077923
2020-07-01,2020-08-01,1,ar1_logdiff,-0.005941,-0.039213,-0.059273,-0.050655,-0.046228,-0.041414,-0.037691,-0.033568,-0.031548,-0.027559,-0.021032
2020-07-01,2020-09-01,2,ardl_logdiff,0.019532,-0.137683,-0.188410,-0.171229,-0.150876,-0.141335,-0.138351,-0.124080,-0.116085,-0.106371,-0.076886
2020-07-01,2020-09-01,2,ar1_logdiff,0.019532,-0.042657,-0.082778,-0.065541,-0.056688,-0.047059,-0.039612,-0.031366,-0.027327,-0.019348,-0.006295
2020-08-01,2020-09-01,1,ardl_logdiff,0.019532,-0.051822,-0.073801,-0.066213,-0.057608,-0.053797,-0.052341,-0.046416,-0.042802,-0.038816,-0.025621
2020-08-01,2020-09-01,1,ar1_logdiff,0.019532,-0.007915,-0.028656,-0.019498,-0.015127,-0.010660,-0.006319,-0.002805,0.000322,0.003681,0.011888
2020-08-01,2020-10-01,2,ardl_logdiff,0.012458,-0.082019,-0.135082,-0.116764,-0.095987,-0.086788,-0.083272,-0.068968,-0.060244,-0.050619,-0.018764
2020-08-01,2020-10-01,2,ar1_logdiff,0.012458,-0.032333,-0.073826,-0.055505,-0.046760,-0.037825,-0.029141,-0.022111,-0.015854,-0.009135,0.007281
2020-09-01,2020-10-01,1,ardl_logdiff,0.012458,-0.008925,-0.030660,-0.022414,-0.015179,-0.011499,-0.007264,-0.003468,-0.000114,0.004130,0.008118
2020-09-01,2020-10-01,1,ar1_logdiff,0.012458,-0.003462,-0.024488,-0.015326,-0.010783,-0.006413,-0.002102,0.001338,0.004558,0.007795,0.021094
2020-09-01,2020-11-01,2,ardl_logdiff,0.040664,0.008577,-0.043896,-0.023989,-0.006522,0.002363,0.012587,0.021750,0.029848,0.040094,0.049722
2020-09-01,2020-11-01,2,ar1_logdiff,0.040664,0.019324,-0.022745,-0.004413,0.004677,0.013420,0.022045,0.028927,0.035369,0.041846,0.068455
2020-10-01,2020-11-01,1,ardl_logdiff,0.040664,0.031483,0.009881,0.018546,0.025615,0.029455,0.033209,0.036781,0.040258,0.044581,0.051239
2020-10-01,2020-11-01,1,ar1_logdiff,0.040664,0.036129,0.015036,0.024181,0.028817,0.033064,0.037347,0.040801,0.044223,0.047374,0.060179
2020-10-01,2020-12-01,2,ardl_logdiff,0.049839,0.046654,-0.005497,0.015423,0.032487,0.041758,0.050822,0.059446,0.067839,0.078277,0.094351
2020-10-01,2020-12-01,2,ar1_logdiff,0.049839,0.048638,0.006433,0.024731,0.034007,0.042505,0.051076,0.057986,0.064835,0.071138,0.096760
2020-11-01,2020-12-01,1,ardl_logdiff,0.049839,0.056182,0.034744,0.043812,0.050368,0.054325,0.058539,0.061732,0.064920,0.069180,0.077061
2020-11-01,2020-12-01,1,ar1_logdiff,0.049839,0.053426,0.032446,0.041529,0.046251,0.050366,0.054674,0.057925,0.061282,0.064554,0.077146
2020-11-01,2021-01-01,2,ardl_logdiff,0.042560,0.048779,-0.002976,0.018916,0.034742,0.044297,0.054468,0.062179,0.069874,0.080158,0.099185
2020-11-01,2021-01-01,2,ar1_logdiff,0.042560,0.038112,-0.003870,0.014307,0.023754,0.031988,0.040608,0.047112,0.053831,0.060377,0.085573
2020-12-01,2021-01-01,1,ardl_logdiff,0.042560,0.042190,0.020917,0.030425,0.036492,0.040515,0.045279,0.048446,0.051035,0.055318,0.066952
2020-12-01,2021-01-01,1,ar1_logdiff,0.042560,0.034326,0.013625,0.022542,0.027381,0.031218,0.035529,0.038862,0.042154,0.045455,0.057455
2020-12-01,2021-02-01,2,ardl_logdiff,0.021360,0.033034,-0.018325,0.004629,0.019276,0.028990,0.040491,0.048135,0.054387,0.064727,0.092814
2020-12-01,2021-02-01,2,ar1_logdiff,0.021360,0.025987,-0.015434,0.002408,0.012091,0.019769,0.028395,0.035064,0.041652,0.048257,0.072266
2021-01-01,2021-02-01,1,ardl_logdiff,0.021360,0.033440,0.012067,0.022201,0.027947,0.032110,0.036845,0.039649,0.043317,0.046460,0.058036
2021-01-01,2021-02-01,1,ar1_logdiff,0.021360,0.034674,0.014111,0.022859,0.027835,0.031529,0.035868,0.039175,0.042606,0.045665,0.057069
2021-01-01,2021-03-01,2,ardl_logdiff,0.081678,0.107254,0.055657,0.080122,0.093994,0.104044,0.115475,0.122246,0.131101,0.138689,0.166634
2021-01-01,2021-03-01,2,ar1_logdiff,0.081678,0.114051,0.072905,0.090408,0.100365,0.107757,0.116439,0.123056,0.129921,0.136041,0.158860
2021-02-01,2021-03-01,1,ardl_logdiff,0.081678,0.094730,0.073046,0.081478,0.088947,0.093151,0.097909,0.100921,0.104227,0.107739,0.119938
2021-02-01,2021-03-01,1,ar1_logdiff,0.081678,0.100016,0.079850,0.088016,0.092877,0.096931,0.101285,0.104622,0.107997,0.111125,0.121928
2021-02-01,2021-04-01,2,ardl_logdiff,0.282037,0.318178,0.265828,0.286184,0.304216,0.314365,0.325854,0.333124,0.341106,0.349585,0.379035
2021-02-01,2021-04-01,2,ar1_logdiff,0.282037,0.317654,0.277304,0.293643,0.303370,0.311481,0.320193,0.326870,0.333622,0.339881,0.361497
2021-03-01,2021-04-01,1,ardl_logdiff,0.282037,0.304500,0.282796,0.290053,0.298490,0.302728,0.307600,0.310590,0.314823,0.317470,0.330756
2021-03-01,2021-04-01,1,ar1_logdiff,0.282037,0.298289,0.278568,0.286095,0.290927,0.295287,0.299673,0.303090,0.306420,0.309574,0.319798
2021-03-01,2021-05-01,2,ardl_logdiff,0.218953,0.230969,0.178571,0.196090,0.216462,0.226693,0.238453,0.245671,0.255891,0.262283,0.294358
2021-03-01,2021-05-01,2,ar1_logdiff,0.218953,0.222512,0.183051,0.198113,0.207781,0.216505,0.225281,0.232120,0.238782,0.245093,0.265551
2021-04-01,2021-05-01,1,ardl_logdiff,0.218953,0.207423,0.185729,0.193019,0.201109,0.205532,0.210445,0.213449,0.217423,0.220486,0.233225
2021-04-01,2021-05-01,1,ar1_logdiff,0.218953,0.205309,0.186007,0.192858,0.197772,0.202322,0.206851,0.210243,0.213544,0.216726,0.226407
2021-04-01,2021-06-01,2,ardl_logdiff,0.118900,0.114192,0.061818,0.079417,0.098949,0.109626,0.121486,0.128740,0.138334,0.145728,0.176484
2021-04-01,2021-06-01,2,ar1_logdiff,0.118900,0.107253,0.068630,0.082338,0.092172,0.101276,0.110339,0.117127,0.123734,0.130100,0.149474
2021-05-01,2021-06-01,1,ardl_logdiff,0.118900,0.126278,0.104596,0.111916,0.120095,0.124484,0.129383,0.132255,0.135852,0.139315,0.151640
2021-05-01,2021-06-01,1,ar1_logdiff,0.118900,0.121667,0.102451,0.109178,0.114118,0.118642,0.123079,0.126504,0.129953,0.133117,0.141955
2021-05-01,2021-07-01,2,ardl_logdiff,0.017268,0.033040,-0.019305,-0.001633,0.018113,0.028710,0.040537,0.047471,0.056153,0.064514,0.094269
2021-05-01,2021-07-01,2,ar1_logdiff,0.017268,0.033293,-0.005160,0.008302,0.018186,0.027239,0.036117,0.042971,0.049871,0.056204,0.073888
2021-06-01,2021-07-01,1,ardl_logdiff,0.017268,0.025330,0.003677,0.011523,0.019277,0.023388,0.028327,0.031179,0.034463,0.038344,0.050469
2021-06-01,2021-07-01,1,ar1_logdiff,0.017268,0.030370,0.011422,0.018022,0.023011,0.027493,0.031781,0.035226,0.038593,0.041806,0.050054
2021-06-01,2021-08-01,2,ardl_logdiff,-0.012994,-0.008832,-0.061109,-0.042166,-0.023447,-0.013520,-0.001598,0.005288,0.013217,0.022585,0.051858
2021-06-01,2021-08-01,2,ar1_logdiff,-0.012994,-0.002697,-0.040612,-0.027405,-0.017422,-0.008455,0.000127,0.007019,0.013756,0.020186,0.036690
2021-07-01,2021-08-01,1,ardl_logdiff,-0.012994,-0.017289,-0.038966,-0.031797,-0.023652,-0.019506,-0.014674,-0.011493,-0.008467,-0.004290,0.009556
2021-07-01,2021-08-01,1,ar1_logdiff,-0.012994,-0.016532,-0.035097,-0.029080,-0.024098,-0.019439,-0.015005,-0.011544,-0.008241,-0.004993,0.002673
2021-07-01,2021-09-01,2,ardl_logdiff,-0.042476,-0.042362,-0.094695,-0.077389,-0.057724,-0.047715,-0.036049,-0.028370,-0.021064,-0.010979,0.022446
2021-07-01,2021-09-01,2,ar1_logdiff,-0.042476,-0.044966,-0.082114,-0.070074,-0.060105,-0.050781,-0.041910,-0.034985,-0.028375,-0.021876,-0.006536
2021-08-01,2021-09-01,1,ardl_logdiff,-0.042476,-0.037861,-0.059531,-0.052327,-0.044092,-0.039862,-0.035691,-0.032060,-0.029152,-0.024878,-0.010993
2021-08-01,2021-09-01,1,ar1_logdiff,-0.042476,-0.041231,-0.059598,-0.053750,-0.048691,-0.044060,-0.039712,-0.036281,-0.033056,-0.029774,-0.022705
2021-08-01,2021-10-01,2,ardl_logdiff,-0.061875,-0.056530,-0.108845,-0.091453,-0.071572,-0.061359,-0.051291,-0.042525,-0.035503,-0.025186,0.008335
2021-08-01,2021-10-01,2,ar1_logdiff,-0.061875,-0.058488,-0.095241,-0.083538,-0.073415,-0.064149,-0.055449,-0.048584,-0.042130,-0.035563,-0.021417
2021-09-01,2021-10-01,1,ardl_logdiff,-0.061875,-0.061364,-0.083022,-0.075780,-0.067462,-0.063723,-0.059504,-0.055553,-0.052771,-0.048401,-0.034500
2021-09-01,2021-10-01,1,ar1_logdiff,-0.061875,-0.059801,-0.077919,-0.072242,-0.067103,-0.062500,-0.058305,-0.054843,-0.051689,-0.048374,-0.041893
2021-09-01,2021-11-01,2,ardl_logdiff,-0.065678,-0.066667,-0.118954,-0.101470,-0.081389,-0.072361,-0.062176,-0.052637,-0.045921,-0.035371,-0.001811
2021-09-01,2021-11-01,2,ar1_logdiff,-0.065678,-0.065527,-0.101780,-0.090420,-0.080137,-0.070927,-0.062534,-0.055607,-0.049295,-0.042661,-0.029694
2021-10-01,2021-11-01,1,ardl_logdiff,-0.065678,-0.067203,-0.088857,-0.081576,-0.073169,-0.069770,-0.065658,-0.061500,-0.058724,-0.054173,-0.040357
2021-10-01,2021-11-01,1,ar1_logdiff,-0.065678,-0.067716,-0.085790,-0.080026,-0.074805,-0.070356,-0.066511,-0.063033,-0.059759,-0.056275,-0.049815
2021-10-01,2021-12-01,2,ardl_logdiff,-0.045839,-0.064690,-0.116968,-0.099389,-0.079094,-0.070888,-0.060959,-0.050922,-0.044219,-0.033234,0.000122
2021-10-01,2021-12-01,2,ar1_logdiff,-0.045839,-0.064910,-0.101076,-0.089543,-0.079096,-0.070193,-0.062498,-0.055539,-0.048988,-0.042016,-0.029090
2021-11-01,2021-12-01,1,ardl_logdiff,-0.045839,-0.063091,-0.084698,-0.076922,-0.068917,-0.065486,-0.061615,-0.057418,-0.054704,-0.050078,-0.037049
2021-11-01,2021-12-01,1,ar1_logdiff,-0.045839,-0.062760,-0.080835,-0.074984,-0.069682,-0.065385,-0.061263,-0.058394,-0.055002,-0.051349,-0.044911
2021-11-01,2022-01-01,2,ardl_logdiff,-0.054488,-0.071295,-0.123458,-0.104686,-0.085358,-0.077077,-0.067732,-0.057598,-0.051047,-0.039877,-0.008424
2021-11-01,2022-01-01,2,ar1_logdiff,-0.054488,-0.071329,-0.107497,-0.095789,-0.085180,-0.076583,-0.068335,-0.062594,-0.055805,-0.048496,-0.035615
2021-12-01,2022-01-01,1,ardl_logdiff,-0.054488,-0.053213,-0.074772,-0.066510,-0.059146,-0.055429,-0.051669,-0.047579,-0.044577,-0.040282,-0.028253
2021-12-01,2022-01-01,1,ar1_logdiff,-0.054488,-0.053474,-0.071707,-0.065773,-0.060386,-0.056255,-0.052121,-0.048849,-0.045519,-0.042140,-0.035830
2021-12-01,2022-02-01,2,ardl_logdiff,-0.031222,-0.042635,-0.094683,-0.074737,-0.056958,-0.047985,-0.038908,-0.029032,-0.021786,-0.011417,0.017624
2021-12-01,2022-02-01,2,ar1_logdiff,-0.031222,-0.040868,-0.077352,-0.065478,-0.054699,-0.046433,-0.038160,-0.031613,-0.024951,-0.018188,-0.005562
2022-01-01,2022-02-01,1,ardl_logdiff,-0.031222,-0.043992,-0.065482,-0.056724,-0.049908,-0.045972,-0.042500,-0.038373,-0.035453,-0.031058,-0.019784
2022-01-01,2022-02-01,1,ar1_logdiff,-0.031222,-0.041938,-0.060140,-0.054117,-0.048679,-0.044687,-0.040609,-0.037597,-0.034114,-0.030636,-0.024316
2022-01-01,2022-03-01,2,ardl_logdiff,-0.018803,-0.030254,-0.082137,-0.060993,-0.044537,-0.035035,-0.026653,-0.016689,-0.009640,0.000970,0.028188
2022-01-01,2022-03-01,2,ar1_logdiff,-0.018803,-0.023304,-0.059726,-0.047675,-0.036792,-0.028806,-0.020646,-0.014617,-0.007648,-0.000690,0.011956
2022-02-01,2022-03-01,1,ardl_logdiff,-0.018803,-0.016809,-0.038455,-0.029243,-0.022656,-0.018856,-0.015424,-0.011258,-0.008109,-0.003991,0.006402
2022-02-01,2022-03-01,1,ar1_logdiff,-0.018803,-0.012001,-0.030294,-0.024184,-0.018704,-0.014842,-0.010749,-0.007325,-0.004041,-0.000854,0.005479
2022-02-01,2022-04-01,2,ardl_logdiff,0.005976,-0.000879,-0.053138,-0.030899,-0.014995,-0.005821,0.002465,0.012522,0.020123,0.030067,0.055157
2022-02-01,2022-04-01,2,ar1_logdiff,0.005976,0.005195,-0.031409,-0.019183,-0.008219,-0.000490,0.007700,0.014552,0.021122,0.027500,0.040171
2022-03-01,2022-04-01,1,ardl_logdiff,0.005976,-0.002980,-0.024570,-0.014930,-0.008698,-0.004884,-0.001607,0.002566,0.005645,0.009899,0.019405
2022-03-01,2022-04-01,1,ar1_logdiff,0.005976,-0.001976,-0.020182,-0.013980,-0.008732,-0.004770,-0.000697,0.002486,0.005983,0.009236,0.015538
2022-03-01,2022-05-01,2,ardl_logdiff,-0.009931,-0.019103,-0.071226,-0.047953,-0.032908,-0.023699,-0.015788,-0.005713,0.001720,0.011990,0.034940
2022-03-01,2022-05-01,2,ar1_logdiff,-0.009931,-0.014618,-0.051049,-0.038638,-0.028138,-0.020210,-0.012060,-0.005690,0.001307,0.007816,0.020427
2022-04-01,2022-05-01,1,ardl_logdiff,-0.009931,-0.009668,-0.031348,-0.021444,-0.015337,-0.011639,-0.008378,-0.004215,-0.000865,0.003121,0.011759
2022-04-01,2022-05-01,1,ar1_logdiff,-0.009931,-0.006240,-0.024512,-0.018223,-0.012997,-0.009095,-0.005002,-0.001555,0.001624,0.004885,0.011164
2022-04-01,2022-06-01,2,ardl_logdiff,-0.005970,-0.007111,-0.059451,-0.035542,-0.020798,-0.011870,-0.003998,0.006054,0.014142,0.023765,0.044619
2022-04-01,2022-06-01,2,ar1_logdiff,-0.005970,-0.003882,-0.040442,-0.027860,-0.017402,-0.009595,-0.001405,0.005494,0.011855,0.018379,0.030943
2022-05-01,2022-06-01,1,ardl_logdiff,-0.005970,-0.007386,-0.029026,-0.018810,-0.012954,-0.009336,-0.006113,-0.001960,0.001371,0.005373,0.013211
2022-05-01,2022-06-01,1,ar1_logdiff,-0.005970,-0.007769,-0.025986,-0.019617,-0.014339,-0.010609,-0.006543,-0.003191,0.000124,0.003387,0.009647
2022-05-01,2022-07-01,2,ardl_logdiff,0.017965,0.008743,-0.043499,-0.018837,-0.004698,0.004036,0.011817,0.021842,0.029885,0.039546,0.058469
2022-05-01,2022-07-01,2,ar1_logdiff,0.017965,0.005562,-0.030889,-0.018145,-0.007585,-0.000121,0.008015,0.014722,0.021355,0.027885,0.040410
2022-06-01,2022-07-01,1,ardl_logdiff,0.017965,0.010253,-0.011371,-0.000829,0.004776,0.008331,0.011526,0.015618,0.018831,0.022964,0.029986
2022-06-01,2022-07-01,1,ar1_logdiff,0.017965,0.007456,-0.010759,-0.004312,0.001017,0.004615,0.008713,0.011725,0.015323,0.018587,0.024829
2022-06-01,2022-08-01,2,ardl_logdiff,0.004016,0.002490,-0.049715,-0.024266,-0.010734,-0.002151,0.005562,0.015442,0.023198,0.033177,0.050128
2022-06-01,2022-08-01,2,ar1_logdiff,0.004016,0.004816,-0.031633,-0.018731,-0.008069,-0.000870,0.007330,0.013357,0.020557,0.027088,0.039578
2022-07-01,2022-08-01,1,ardl_logdiff,0.004016,0.010546,-0.011187,-0.000216,0.005079,0.008647,0.011755,0.015794,0.018882,0.023164,0.029173
2022-07-01,2022-08-01,1,ar1_logdiff,0.004016,0.015883,-0.002416,0.004110,0.009468,0.012952,0.017083,0.020483,0.023665,0.026900,0.033124
2022-07-01,2022-09-01,2,ardl_logdiff,-0.009123,0.015014,-0.037454,-0.010968,0.001817,0.010431,0.017933,0.027685,0.035140,0.045478,0.059983
2022-07-01,2022-09-01,2,ar1_logdiff,-0.009123,0.017397,-0.019218,-0.006159,0.004562,0.011532,0.019799,0.026602,0.032969,0.039442,0.051897
2022-08-01,2022-09-01,1,ardl_logdiff,-0.009123,0.008300,-0.013397,-0.002066,0.002641,0.006611,0.009547,0.013616,0.016626,0.021047,0.025799
2022-08-01,2022-09-01,1,ar1_logdiff,-0.009123,0.004913,-0.013164,-0.006813,-0.001671,0.002084,0.006179,0.009358,0.012803,0.015953,0.022279
2022-08-01,2022-10-01,2,ardl_logdiff,0.011083,0.011820,-0.040561,-0.013204,-0.001841,0.007744,0.014831,0.024655,0.031921,0.042596,0.054067
2022-08-01,2022-10-01,2,ar1_logdiff,0.011083,0.007288,-0.028883,-0.016175,-0.005885,0.001628,0.009821,0.016183,0.023075,0.029377,0.042035
2022-09-01,2022-10-01,1,ardl_logdiff,0.011083,-0.006562,-0.027790,-0.018049,-0.012359,-0.008480,-0.005147,-0.001002,0.001754,0.006263,0.011909
2022-09-01,2022-10-01,1,ar1_logdiff,0.011083,-0.007496,-0.025308,-0.019353,-0.014196,-0.010240,-0.006135,-0.003236,0.000519,0.003568,0.009993
2022-09-01,2022-11-01,2,ardl_logdiff,0.011083,-0.001882,-0.053130,-0.029612,-0.015878,-0.006513,0.001534,0.011542,0.018195,0.029080,0.042711
2022-09-01,2022-11-01,2,ar1_logdiff,0.011083,-0.009315,-0.044955,-0.033040,-0.022721,-0.014805,-0.006591,-0.000791,0.006722,0.012824,0.025679
2022-10-01,2022-11-01,1,ardl_logdiff,0.011083,0.016738,-0.004678,0.005425,0.010864,0.014598,0.018025,0.022129,0.025072,0.029371,0.035035
2022-10-01,2022-11-01,1,ar1_logdiff,0.011083,0.010211,-0.007677,-0.001719,0.003402,0.007344,0.011433,0.014765,0.018087,0.021334,0.027677
2022-10-01,2022-12-01,2,ardl_logdiff,-0.002999,-0.004447,-0.056150,-0.031760,-0.018628,-0.009613,-0.001341,0.008567,0.015673,0.026052,0.039725
2022-10-01,2022-12-01,2,ar1_logdiff,-0.002999,-0.006447,-0.042239,-0.030318,-0.020072,-0.012184,-0.004003,0.002663,0.009310,0.015809,0.028499
2022-11-01,2022-12-01,1,ardl_logdiff,-0.002999,-0.010367,-0.031728,-0.021298,-0.016260,-0.012515,-0.009099,-0.004905,-0.002117,0.002287,0.008041
2022-11-01,2022-12-01,1,ar1_logdiff,-0.002999,-0.005531,-0.023307,-0.017391,-0.012198,-0.008397,-0.004384,-0.001267,0.002314,0.005577,0.011910
2022-11-01,2023-01-01,2,ardl_logdiff,-0.003005,-0.016784,-0.068354,-0.043174,-0.031009,-0.021969,-0.013721,-0.003597,0.003135,0.013766,0.027658
2022-11-01,2023-01-01,2,ar1_logdiff,-0.003005,-0.005127,-0.040694,-0.028858,-0.018467,-0.010862,-0.002833,0.003404,0.010570,0.017098,0.029770
2022-12-01,2023-01-01,1,ardl_logdiff,-0.003005,-0.008891,-0.030382,-0.019555,-0.014733,-0.011093,-0.007587,-0.003422,-0.000786,0.003665,0.009366
2022-12-01,2023-01-01,1,ar1_logdiff,-0.003005,-0.002466,-0.020145,-0.014271,-0.008959,-0.005346,-0.001276,0.001492,0.005352,0.008611,0.014932
2022-12-01,2023-02-01,2,ardl_logdiff,-0.013972,-0.012910,-0.064793,-0.038655,-0.027013,-0.018225,-0.009762,0.000294,0.006659,0.017404,0.031166
2022-12-01,2023-02-01,2,ar1_logdiff,-0.013972,-0.012993,-0.048367,-0.036615,-0.025984,-0.018756,-0.010612,-0.005074,0.002649,0.009170,0.021818
2023-01-01,2023-02-01,1,ardl_logdiff,-0.013972,-0.007075,-0.028665,-0.017467,-0.012903,-0.009215,-0.005654,-0.001560,0.000959,0.005478,0.011131
2023-01-01,2023-02-01,1,ar1_logdiff,-0.013972,-0.013559,-0.031114,-0.025350,-0.019847,-0.016247,-0.012431,-0.009914,-0.005739,-0.002583,0.003825
2023-01-01,2023-03-01,2,ardl_logdiff,0.002993,-0.004288,-0.056412,-0.029377,-0.018357,-0.009454,-0.000856,0.009027,0.015108,0.026018,0.039666
2023-01-01,2023-03-01,2,ar1_logdiff,0.002993,-0.007177,-0.042301,-0.030770,-0.019757,-0.012555,-0.004920,0.000117,0.008469,0.014785,0.027607
2023-02-01,2023-03-01,1,ardl_logdiff,0.002993,-0.011291,-0.032615,-0.021606,-0.017336,-0.013527,-0.009922,-0.005805,-0.003249,0.001340,0.006971
2023-02-01,2023-03-01,1,ar1_logdiff,0.002993,-0.007611,-0.025042,-0.019389,-0.013747,-0.010108,-0.006622,-0.004280,0.000141,0.003264,0.009758
2023-02-01,2023-04-01,2,ardl_logdiff,-0.007976,-0.022859,-0.074341,-0.047762,-0.037453,-0.028257,-0.019555,-0.009616,-0.003444,0.007634,0.021228
2023-02-01,2023-04-01,2,ar1_logdiff,-0.007976,-0.015169,-0.050045,-0.038736,-0.027445,-0.020165,-0.013190,-0.008503,0.000341,0.006590,0.019584
2023-03-01,2023-04-01,1,ardl_logdiff,-0.007976,-0.007458,-0.028756,-0.017822,-0.013432,-0.009480,-0.005966,-0.002142,0.000741,0.005116,0.010513
2023-03-01,2023-04-01,1,ar1_logdiff,-0.007976,-0.004029,-0.021437,-0.015896,-0.010213,-0.006359,-0.002995,-0.000318,0.003701,0.006670,0.013224
2023-03-01,2023-05-01,2,ardl_logdiff,0.003984,-0.000904,-0.052322,-0.025925,-0.015328,-0.005785,0.002699,0.011930,0.018890,0.029451,0.042481
2023-03-01,2023-05-01,2,ar1_logdiff,0.003984,-0.000513,-0.035344,-0.024257,-0.012887,-0.005175,0.001556,0.006913,0.014954,0.020894,0.034007
2023-04-01,2023-05-01,1,ardl_logdiff,0.003984,-0.001433,-0.022695,-0.011774,-0.007386,-0.003247,-0.000189,0.003868,0.006715,0.011144,0.016224
2023-04-01,2023-05-01,1,ar1_logdiff,0.003984,-0.004658,-0.021908,-0.016484,-0.010750,-0.007310,-0.003730,-0.001225,0.003105,0.005981,0.012614
2023-04-01,2023-06-01,2,ardl_logdiff,-0.000999,-0.004583,-0.055914,-0.029550,-0.018955,-0.008964,-0.001580,0.008215,0.015087,0.025780,0.038043
2023-04-01,2023-06-01,2,ar1_logdiff,-0.000999,-0.006181,-0.040695,-0.029842,-0.018370,-0.011487,-0.004323,0.000689,0.009352,0.015106,0.028378
2023-05-01,2023-06-01,1,ardl_logdiff,-0.000999,0.001013,-0.020349,-0.009284,-0.005037,-0.000902,0.002400,0.006255,0.008938,0.013520,0.018293
2023-05-01,2023-06-01,1,ar1_logdiff,-0.000999,0.002892,-0.014313,-0.009009,-0.003247,0.000348,0.003876,0.006736,0.010594,0.013355,0.020071
2023-05-01,2023-07-01,2,ardl_logdiff,-0.015952,-0.008078,-0.059649,-0.032937,-0.022683,-0.012700,-0.004728,0.004577,0.011056,0.022116,0.033641
2023-05-01,2023-07-01,2,ar1_logdiff,-0.015952,-0.007472,-0.041895,-0.031283,-0.019755,-0.012562,-0.005503,0.000219,0.007939,0.013464,0.026901
2023-06-01,2023-07-01,1,ardl_logdiff,-0.015952,-0.010176,-0.031488,-0.020411,-0.016126,-0.012146,-0.008988,-0.004914,-0.002305,0.002321,0.006851
2023-06-01,2023-07-01,1,ar1_logdiff,-0.015952,-0.011555,-0.028662,-0.023357,-0.017514,-0.014341,-0.010668,-0.007995,-0.003822,-0.001065,0.005656
2023-06-01,2023-08-01,2,ardl_logdiff,0.002002,0.000171,-0.051281,-0.024538,-0.014193,-0.004584,0.003038,0.012874,0.019173,0.030343,0.041278
2023-06-01,2023-08-01,2,ar1_logdiff,0.002002,-0.000091,-0.034319,-0.023704,-0.012014,-0.005666,0.001683,0.007032,0.015380,0.020897,0.034346
2023-07-01,2023-08-01,1,ardl_logdiff,0.002002,-0.005876,-0.026913,-0.015901,-0.011798,-0.007812,-0.004880,-0.000592,0.002066,0.006679,0.011103
2023-07-01,2023-08-01,1,ar1_logdiff,0.002002,-0.004706,-0.021714,-0.016399,-0.010480,-0.007643,-0.003912,-0.001434,0.003056,0.005813,0.012537
2023-07-01,2023-09-01,2,ardl_logdiff,0.014156,0.010373,-0.040413,-0.013828,-0.003922,0.005699,0.012779,0.023130,0.029548,0.040684,0.051365
2023-07-01,2023-09-01,2,ar1_logdiff,0.014156,0.009936,-0.024095,-0.013459,-0.001618,0.004059,0.011525,0.016482,0.025466,0.030983,0.044436
2023-08-01,2023-09-01,1,ardl_logdiff,0.014156,0.018660,-0.002285,0.008696,0.012698,0.016704,0.019844,0.023919,0.026497,0.031169,0.035442
2023-08-01,2023-09-01,1,ar1_logdiff,0.014156,0.016974,-0.000033,0.005285,0.011284,0.014075,0.017840,0.020680,0.024667,0.027425,0.034153
2023-08-01,2023-10-01,2,ardl_logdiff,0.003002,-0.002260,-0.052825,-0.026315,-0.016653,-0.006981,0.000598,0.010435,0.016661,0.027940,0.038256
2023-08-01,2023-10-01,2,ar1_logdiff,0.003002,-0.000629,-0.034656,-0.024015,-0.012014,-0.006428,0.001105,0.006786,0.014764,0.020282,0.033744
2023-09-01,2023-10-01,1,ardl_logdiff,0.003002,-0.006989,-0.027724,-0.016731,-0.012902,-0.009021,-0.006034,-0.001704,0.000824,0.005541,0.009746
2023-09-01,2023-10-01,1,ar1_logdiff,0.003002,-0.003585,-0.020507,-0.015184,-0.009161,-0.006446,-0.002818,-0.000180,0.003984,0.006882,0.013614
2023-09-01,2023-11-01,2,ardl_logdiff,0.013931,-0.009533,-0.059591,-0.033051,-0.023809,-0.014438,-0.007228,0.003226,0.009330,0.020717,0.030868
2023-09-01,2023-11-01,2,ar1_logdiff,0.013931,-0.005066,-0.038924,-0.028273,-0.016223,-0.010791,-0.003531,0.001747,0.010079,0.015876,0.029345
2023-10-01,2023-11-01,1,ardl_logdiff,0.013931,0.001039,-0.019667,-0.008714,-0.004705,-0.000997,0.002191,0.006217,0.008979,0.013494,0.017557
2023-10-01,2023-11-01,1,ar1_logdiff,0.013931,0.001841,-0.015079,-0.009750,-0.003730,-0.001007,0.002676,0.005686,0.009134,0.012242,0.018977
2023-10-01,2023-12-01,2,ardl_logdiff,0.031530,-0.001311,-0.051300,-0.024857,-0.015178,-0.006226,0.001469,0.011190,0.017858,0.028759,0.038567
2023-10-01,2023-12-01,2,ar1_logdiff,0.031530,-0.000567,-0.034422,-0.023760,-0.011715,-0.006266,0.001103,0.007125,0.014024,0.020242,0.033717
2023-11-01,2023-12-01,1,ardl_logdiff,0.031530,0.012239,-0.008505,0.002409,0.006541,0.010132,0.013450,0.017343,0.020247,0.024610,0.028512
2023-11-01,2023-12-01,1,ar1_logdiff,0.031530,0.012118,-0.004842,0.000750,0.006518,0.009278,0.012980,0.016252,0.019680,0.022452,0.029142
2023-11-01,2024-01-01,2,ardl_logdiff,0.019862,0.008225,-0.041855,-0.015508,-0.005532,0.003137,0.011147,0.020546,0.027556,0.038091,0.047511
2023-11-01,2024-01-01,2,ar1_logdiff,0.019862,0.012832,-0.021101,-0.009913,0.001629,0.007151,0.014558,0.021105,0.027962,0.033508,0.046896
2023-12-01,2024-01-01,1,ardl_logdiff,0.019862,0.028476,0.007749,0.018721,0.022545,0.026245,0.029777,0.033462,0.036307,0.040832,0.046031
2023-12-01,2024-01-01,1,ar1_logdiff,0.019862,0.033239,0.016197,0.022038,0.027634,0.030352,0.034017,0.037478,0.040643,0.043700,0.050185
2023-12-01,2024-02-01,2,ardl_logdiff,0.021870,0.028183,-0.021857,0.004631,0.013863,0.022796,0.031323,0.040220,0.047088,0.058012,0.070563
2023-12-01,2024-02-01,2,ar1_logdiff,0.021870,0.034145,0.000045,0.011734,0.022931,0.028368,0.035702,0.042626,0.048959,0.055077,0.068052
2024-01-01,2024-02-01,1,ardl_logdiff,0.021870,0.019184,-0.001222,0.009737,0.013186,0.016898,0.020283,0.024150,0.026965,0.031536,0.036573
2024-01-01,2024-02-01,1,ar1_logdiff,0.021870,0.020111,0.003218,0.008238,0.014369,0.017162,0.020918,0.024331,0.027632,0.030598,0.037151
2024-01-01,2024-03-01,2,ardl_logdiff,0.017769,0.015856,-0.033409,-0.006952,0.001376,0.010337,0.018508,0.027845,0.034641,0.045675,0.057837
2024-01-01,2024-03-01,2,ar1_logdiff,0.017769,0.009831,-0.023970,-0.013926,-0.001658,0.003931,0.011446,0.018273,0.024879,0.030813,0.043925
2024-02-01,2024-03-01,1,ardl_logdiff,0.017769,0.018740,-0.001483,0.009398,0.012727,0.016453,0.020029,0.023657,0.026420,0.031024,0.035870
2024-02-01,2024-03-01,1,ar1_logdiff,0.017769,0.011675,-0.005176,-0.000149,0.005980,0.008827,0.012543,0.015612,0.019173,0.022049,0.028686
2024-02-01,2024-04-01,2,ardl_logdiff,0.019822,0.018982,-0.029841,-0.003573,0.004465,0.013459,0.022093,0.030851,0.037521,0.048637,0.060335
2024-02-01,2024-04-01,2,ar1_logdiff,0.019822,0.015430,-0.018286,-0.008228,0.004034,0.009732,0.017167,0.023306,0.030431,0.036186,0.049466
2024-03-01,2024-04-01,1,ardl_logdiff,0.019822,0.017986,-0.002077,0.008712,0.012027,0.015785,0.019063,0.022887,0.025637,0.030249,0.034890
2024-03-01,2024-04-01,1,ar1_logdiff,0.019822,0.021821,0.004980,0.010015,0.016140,0.019038,0.022716,0.026110,0.029258,0.032046,0.038766
2024-03-01,2024-05-01,2,ardl_logdiff,0.000000,0.010300,-0.038136,-0.012089,-0.004087,0.004986,0.012900,0.022132,0.028772,0.039904,0.051109
2024-03-01,2024-05-01,2,ar1_logdiff,0.000000,0.013660,-0.020034,-0.009960,0.002295,0.008092,0.015452,0.022243,0.028541,0.034119,0.047565
2024-04-01,2024-05-01,1,ardl_logdiff,0.000000,0.012217,-0.007733,0.002975,0.006293,0.010070,0.013521,0.017113,0.019821,0.024426,0.028864
2024-04-01,2024-05-01,1,ar1_logdiff,0.000000,0.011565,-0.005232,0.000089,0.006136,0.009113,0.012399,0.015602,0.018801,0.021798,0.028522
2024-04-01,2024-06-01,2,ardl_logdiff,0.048743,0.015851,-0.032313,-0.006461,0.001549,0.010667,0.018998,0.027669,0.034207,0.045324,0.056039
2024-04-01,2024-06-01,2,ar1_logdiff,0.048743,0.015340,-0.018269,-0.007622,0.004478,0.010433,0.017009,0.023418,0.029819,0.035814,0.049267
2024-05-01,2024-06-01,1,ardl_logdiff,0.048743,0.002985,-0.016872,-0.006613,-0.002903,0.000930,0.004204,0.007954,0.010693,0.015285,0.019633
2024-05-01,2024-06-01,1,ar1_logdiff,0.048743,0.003213,-0.013459,-0.008391,-0.002442,0.000483,0.004065,0.007073,0.010330,0.013531,0.020256
2024-05-01,2024-07-01,2,ardl_logdiff,0.039414,0.011995,-0.035942,-0.011177,-0.002220,0.007036,0.014939,0.023991,0.030605,0.041691,0.052189
2024-05-01,2024-07-01,2,ar1_logdiff,0.039414,0.007904,-0.025455,-0.015314,-0.003410,0.002441,0.009608,0.015626,0.022143,0.028547,0.042003
2024-06-01,2024-07-01,1,ardl_logdiff,0.039414,0.059946,0.039748,0.049901,0.053912,0.057442,0.060828,0.064459,0.067415,0.071943,0.078253
2024-06-01,2024-07-01,1,ar1_logdiff,0.039414,0.055445,0.038367,0.043473,0.049402,0.052562,0.055993,0.059353,0.062610,0.065625,0.072174
2024-06-01,2024-08-01,2,ardl_logdiff,0.032467,0.045781,-0.002982,0.021529,0.031214,0.039734,0.047908,0.056675,0.063813,0.074743,0.089977
2024-06-01,2024-08-01,2,ar1_logdiff,0.032467,0.049569,0.015401,0.025618,0.037479,0.043801,0.050665,0.057387,0.063903,0.069935,0.083039
2024-07-01,2024-08-01,1,ardl_logdiff,0.032467,0.024521,0.004160,0.014140,0.018733,0.022109,0.025289,0.029165,0.032329,0.036681,0.042864
2024-07-01,2024-08-01,1,ar1_logdiff,0.032467,0.032916,0.015915,0.020741,0.027022,0.029902,0.033449,0.036814,0.039971,0.043114,0.049743
2024-07-01,2024-09-01,2,ardl_logdiff,0.046109,0.031039,-0.018117,0.005976,0.017064,0.025216,0.032893,0.042249,0.049889,0.060395,0.075322
2024-07-01,2024-09-01,2,ar1_logdiff,0.046109,0.035857,0.001848,0.011502,0.024067,0.029828,0.036924,0.043655,0.049970,0.056257,0.069519
2024-08-01,2024-09-01,1,ardl_logdiff,0.046109,0.039252,0.018955,0.028898,0.033419,0.036884,0.040090,0.043844,0.047005,0.051275,0.057230
2024-08-01,2024-09-01,1,ar1_logdiff,0.046109,0.035391,0.018436,0.023225,0.029704,0.032464,0.035897,0.039143,0.042175,0.045482,0.052198
2024-08-01,2024-10-01,2,ardl_logdiff,0.041102,0.035913,-0.013087,0.010915,0.021831,0.030197,0.037936,0.047000,0.054631,0.064939,0.079316
2024-08-01,2024-10-01,2,ar1_logdiff,0.041102,0.029326,-0.004593,0.004987,0.017949,0.023469,0.030338,0.036830,0.042896,0.049512,0.062947
2024-09-01,2024-10-01,1,ardl_logdiff,0.041102,0.043105,0.022846,0.032780,0.037224,0.040736,0.044016,0.047679,0.050778,0.055032,0.060709
2024-09-01,2024-10-01,1,ar1_logdiff,0.041102,0.040452,0.023452,0.028287,0.034891,0.037785,0.040905,0.044344,0.047641,0.050900,0.057151
2024-09-01,2024-11-01,2,ardl_logdiff,0.024403,0.028557,-0.020353,0.003628,0.014357,0.022836,0.030756,0.039598,0.047081,0.057351,0.071056
2024-09-01,2024-11-01,2,ar1_logdiff,0.024403,0.028562,-0.005445,0.004228,0.017438,0.023229,0.029468,0.036348,0.042944,0.049463,0.061967
2024-10-01,2024-11-01,1,ardl_logdiff,0.024403,0.026483,0.006337,0.016231,0.020650,0.024160,0.027270,0.031042,0.034173,0.038404,0.043811
2024-10-01,2024-11-01,1,ar1_logdiff,0.024403,0.029237,0.012274,0.017157,0.023839,0.026912,0.029782,0.032974,0.036298,0.039570,0.045907
2024-10-01,2024-12-01,2,ardl_logdiff,0.005803,0.006755,-0.041883,-0.017995,-0.007328,0.001146,0.008655,0.017761,0.025321,0.035535,0.048588
2024-10-01,2024-12-01,2,ar1_logdiff,0.005803,0.009672,-0.024261,-0.014493,-0.001125,0.005020,0.010764,0.017148,0.023797,0.030343,0.043020
2024-11-01,2024-12-01,1,ardl_logdiff,0.005803,0.004593,-0.015443,-0.005541,-0.001186,0.002301,0.005264,0.009148,0.012241,0.016499,0.021641
2024-11-01,2024-12-01,1,ar1_logdiff,0.005803,0.004655,-0.012229,-0.007299,-0.000591,0.001848,0.005140,0.008151,0.011478,0.014915,0.021339
2024-11-01,2025-01-01,2,ardl_logdiff,0.018510,0.013917,-0.034453,-0.010549,-0.000034,0.008385,0.015536,0.024915,0.032382,0.042662,0.055074
2024-11-01,2025-01-01,2,ar1_logdiff,0.018510,0.017319,-0.016457,-0.006595,0.006824,0.011704,0.018289,0.024313,0.030967,0.037843,0.050695
2024-12-01,2025-01-01,1,ardl_logdiff,0.018510,0.015174,-0.004778,0.005119,0.009400,0.012924,0.015968,0.019702,0.022666,0.027036,0.031912
2024-12-01,2025-01-01,1,ar1_logdiff,0.018510,0.018510,0.001658,0.006635,0.013366,0.016041,0.019086,0.021588,0.025047,0.028650,0.035162
2024-12-01,2025-02-01,2,ardl_logdiff,0.012702,0.015393,-0.032775,-0.008882,0.001453,0.009962,0.017310,0.026325,0.033481,0.044029,0.055803
2024-12-01,2025-02-01,2,ar1_logdiff,0.012702,0.017517,-0.016196,-0.006239,0.007226,0.012577,0.018668,0.023674,0.030594,0.037802,0.050827
2025-01-01,2025-02-01,1,ardl_logdiff,0.012702,0.018817,-0.001025,0.008739,0.013116,0.016621,0.019679,0.023299,0.026173,0.030608,0.035216
2025-01-01,2025-02-01,1,ar1_logdiff,0.012702,0.017516,0.000705,0.005730,0.012481,0.015393,0.017993,0.020184,0.023778,0.027546,0.034144
2025-01-01,2025-03-01,2,ardl_logdiff,0.027029,0.013817,-0.034087,-0.010514,0.000054,0.008515,0.015897,0.024636,0.031576,0.042284,0.053406
2025-01-01,2025-03-01,2,ar1_logdiff,0.027029,0.011618,-0.022012,-0.011961,0.001544,0.007370,0.012572,0.016954,0.024143,0.031681,0.044880
2025-02-01,2025-03-01,1,ardl_logdiff,0.027029,0.007442,-0.012190,-0.002542,0.001672,0.005225,0.008274,0.011930,0.014746,0.019240,0.023582
2025-02-01,2025-03-01,1,ar1_logdiff,0.027029,0.006621,-0.010142,-0.004837,0.001663,0.004015,0.007103,0.009315,0.012888,0.016678,0.023284
2025-02-01,2025-04-01,2,ardl_logdiff,0.024238,0.010076,-0.037321,-0.014029,-0.003855,0.004723,0.012084,0.020910,0.027709,0.038557,0.049042
2025-02-01,2025-04-01,2,ar1_logdiff,0.024238,0.008524,-0.025009,-0.014397,-0.001393,0.003311,0.009488,0.013912,0.021061,0.028643,0.041859
2025-03-01,2025-04-01,1,ardl_logdiff,0.024238,0.030418,0.010656,0.020526,0.024487,0.028047,0.031186,0.034798,0.037824,0.042199,0.049110
2025-03-01,2025-04-01,1,ar1_logdiff,0.024238,0.029685,0.012776,0.018367,0.024615,0.027275,0.030059,0.032451,0.036182,0.039923,0.046391
2025-03-01,2025-05-01,2,ardl_logdiff,0.031314,0.038041,-0.009667,0.014160,0.023722,0.032317,0.039896,0.048616,0.055921,0.066483,0.083168
2025-03-01,2025-05-01,2,ar1_logdiff,0.031314,0.041668,0.007843,0.019027,0.031525,0.036847,0.042415,0.047202,0.054665,0.062148,0.075087
2025-04-01,2025-05-01,1,ardl_logdiff,0.031314,0.031632,0.012049,0.021968,0.025691,0.029209,0.032353,0.036052,0.038938,0.043424,0.050084
2025-04-01,2025-05-01,1,ar1_logdiff,0.031314,0.036024,0.019164,0.025045,0.030902,0.033132,0.036396,0.038625,0.042260,0.046189,0.052750
2025-04-01,2025-06-01,2,ardl_logdiff,-0.011483,-0.011920,-0.059198,-0.035252,-0.026263,-0.017770,-0.010181,-0.001251,0.005717,0.016547,0.032626
2025-04-01,2025-06-01,2,ar1_logdiff,-0.011483,-0.008655,-0.042383,-0.030619,-0.018902,-0.014442,-0.007912,-0.003454,0.003818,0.011678,0.024803
2025-05-01,2025-06-01,1,ardl_logdiff,-0.011483,-0.012250,-0.031748,-0.021747,-0.018168,-0.014620,-0.011623,-0.007862,-0.005084,-0.000495,0.005899
2025-05-01,2025-06-01,1,ar1_logdiff,-0.011483,-0.013536,-0.030348,-0.024186,-0.018582,-0.016647,-0.013185,-0.010917,-0.007370,-0.003442,0.003198
2025-05-01,2025-07-01,2,ardl_logdiff,0.001931,0.005361,-0.041711,-0.017567,-0.008925,-0.000361,0.006875,0.015955,0.022662,0.033739,0.049177
2025-05-01,2025-07-01,2,ar1_logdiff,0.001931,0.000849,-0.032782,-0.020456,-0.009245,-0.005374,0.001551,0.006087,0.013183,0.021040,0.034323
2025-06-01,2025-07-01,1,ardl_logdiff,0.001931,0.006158,-0.013259,-0.003180,0.000268,0.003883,0.006874,0.010492,0.013218,0.017866,0.023995
2025-06-01,2025-07-01,1,ar1_logdiff,0.001931,0.002975,-0.013840,-0.007394,-0.002048,-0.000073,0.003366,0.005564,0.009104,0.012947,0.019668
2025-06-01,2025-08-01,2,ardl_logdiff,0.011550,0.006046,-0.040832,-0.016499,-0.008175,0.000553,0.007774,0.016508,0.023090,0.034311,0.049109
2025-06-01,2025-08-01,2,ar1_logdiff,0.011550,0.003975,-0.029662,-0.016769,-0.006074,-0.002124,0.004757,0.009153,0.016234,0.023922,0.037366
2025-07-01,2025-08-01,1,ardl_logdiff,0.011550,0.001680,-0.017608,-0.007521,-0.004099,-0.000676,0.002325,0.006009,0.008707,0.013378,0.019256
2025-07-01,2025-08-01,1,ar1_logdiff,0.011550,0.002893,-0.013902,-0.007323,-0.002085,0.000203,0.003235,0.005470,0.009008,0.012863,0.019566
2025-07-01,2025-09-01,2,ardl_logdiff,-0.001919,-0.009676,-0.056241,-0.031888,-0.023627,-0.015363,-0.008117,0.000775,0.007289,0.018568,0.032758
2025-07-01,2025-09-01,2,ar1_logdiff,-0.001919,-0.007686,-0.041283,-0.028122,-0.017644,-0.013067,-0.007002,-0.002530,0.004546,0.012258,0.025668
2025-08-01,2025-09-01,1,ardl_logdiff,-0.001919,0.000577,-0.018652,-0.008720,-0.005126,-0.001775,0.001257,0.004864,0.007771,0.012148,0.017762
2025-08-01,2025-09-01,1,ar1_logdiff,-0.001919,0.001280,-0.015565,-0.008852,-0.003726,-0.001121,0.001616,0.003822,0.007379,0.011178,0.017864
2025-08-01,2025-10-01,2,ardl_logdiff,-0.000959,-0.002161,-0.048582,-0.024606,-0.015927,-0.007837,-0.000519,0.008190,0.015208,0.025775,0.039329
2025-08-01,2025-10-01,2,ar1_logdiff,-0.000959,0.000408,-0.033289,-0.019861,-0.009608,-0.004395,0.001080,0.005492,0.012608,0.020208,0.033583
2025-09-01,2025-10-01,1,ardl_logdiff,-0.000959,-0.004750,-0.023893,-0.013973,-0.010319,-0.007163,-0.004133,-0.000471,0.002349,0.006808,0.012144
2025-09-01,2025-10-01,1,ar1_logdiff,-0.000959,-0.002905,-0.019715,-0.012871,-0.007863,-0.005811,-0.002607,-0.000357,0.003192,0.007006,0.013674
2025-09-01,2025-11-01,2,ardl_logdiff,0.003850,0.001087,-0.045128,-0.021179,-0.012358,-0.004737,0.002577,0.011418,0.018227,0.028991,0.041875
2025-09-01,2025-11-01,2,ar1_logdiff,0.003850,0.001958,-0.031668,-0.017977,-0.007959,-0.003853,0.002555,0.007055,0.014156,0.021786,0.035125
2025-10-01,2025-11-01,1,ardl_logdiff,0.003850,0.005014,-0.014056,-0.004202,-0.000359,0.002618,0.005687,0.009151,0.011982,0.016505,0.021566
2025-10-01,2025-11-01,1,ar1_logdiff,0.003850,0.003973,-0.012838,-0.005862,-0.000971,0.001407,0.004319,0.006489,0.010038,0.013862,0.020512
2025-10-01,2025-12-01,2,ardl_logdiff,-0.016529,0.002906,-0.043134,-0.019346,-0.010068,-0.002881,0.004530,0.012893,0.019727,0.030646,0.042865
2025-10-01,2025-12-01,2,ar1_logdiff,-0.016529,0.003086,-0.030543,-0.016589,-0.006805,-0.002049,0.003777,0.008119,0.015217,0.022868,0.036170
2025-11-01,2025-12-01,1,ardl_logdiff,-0.016529,0.001700,-0.017289,-0.007465,-0.003449,-0.000627,0.002308,0.005655,0.008574,0.013162,0.017950
2025-11-01,2025-12-01,1,ar1_logdiff,-0.016529,0.002958,-0.013839,-0.006732,-0.001958,0.000745,0.003242,0.005456,0.009005,0.012839,0.019471
